id;tmdb_id;aspect_ratio;file_path;height;width;iso_6391
1;43385;48157;Interactions driver Saudi Riyal;72129;82230;back-end Front-line
2;97788;57795;SCSI;38949;38923;Health flexibility dot-com
3;81112;1090;Legacy Credit Card Account fuchsia;45136;41163;Wooden Health open-source
4;86867;60408;Alaska Clothing Pre-emptive;41821;46470;deliverables Plastic Producer
5;91365;48926;XSS port;52916;88279;system engine Administrator
6;23000;92189;Quality groupware;41255;79372;Motorway calculating orange
7;33233;69865;Wooden;37147;57589;experiences Cambridgeshire
8;32926;52137;archive Metal Money Market Account;39574;7880;Cameroon Computer navigate
9;65883;86386;Intelligent Frozen Pants Designer;70812;7306;Manager
10;75348;43374;Handmade New Leu parsing;44264;3947;National
