id;tmdb_id;name;imdb_id;popularity;biography;birth_day;profile_path
1;9797;Jewelery Cotton;distributed;54431;../fake-data/blob/hipster.txt;2020-08-06;relationships synergy
2;1921;Cotton Gibraltar Pound;leading-edge;33804;../fake-data/blob/hipster.txt;2020-08-06;5th generation Intelligent
3;54340;interactive Platinum bypass;Plastic Security invoice;92287;../fake-data/blob/hipster.txt;2020-08-07;Wyoming Shoes Ports
4;12555;Sausages Incredible Metal Sausages Designer;Towels Florida;94672;../fake-data/blob/hipster.txt;2020-08-07;override monetize
5;43666;pixel cyan SMTP;knowledge user Security Central;1185;../fake-data/blob/hipster.txt;2020-08-07;intermediate Cotton
6;21679;green invoice Gorgeous;Home Loan Account Equatorial Guinea Secured;72149;../fake-data/blob/hipster.txt;2020-08-07;Applications matrix
7;98788;Kids world-class withdrawal;matrix;48365;../fake-data/blob/hipster.txt;2020-08-06;Frozen
8;15626;Ergonomic Rubber Chicken Ergonomic Frozen Soap compress;zero administration;42812;../fake-data/blob/hipster.txt;2020-08-07;magenta synthesizing
9;24142;hacking;Concrete backing up;3854;../fake-data/blob/hipster.txt;2020-08-06;Wooden
10;73182;Tennessee;Customizable Refined Concrete Table Cote d'Ivoire;7178;../fake-data/blob/hipster.txt;2020-08-07;Dynamic
